Date,ASIN,Price,Name
2018/04/29 21:06:25,B01MU1AQUI,18.79,DashSport Soccer Shin Guards Youth - by Includes Two Shin Guards and Two Compression Calf Sleeves with Pockets
2018/04/29 21:06:41,B01MU1AQUI,18.79,DashSport Soccer Shin Guards Youth - by Includes Two Shin Guards and Two Compression Calf Sleeves with Pockets
2018/04/29 21:09:03,B01MU1AQUI,18.79,DashSport Soccer Shin Guards Youth - by Includes Two Shin Guards and Two Compression Calf Sleeves with Pockets
2018/04/29 21:10:02,B01MU1AQUI,18.79,DashSport Soccer Shin Guards Youth - by Includes Two Shin Guards and Two Compression Calf Sleeves with Pockets
